<?xml version="1.0" encoding="UTF-8"?>
<!DOCTYPE mapper PUBLIC "-//mybatis.org//DTD Mapper 3.0//EN" "http://mybatis.org/dtd/mybatis-3-mapper.dtd">
<mapper namespace="com.zhoujl.springcloud.dao.PaymentDao">
    <resultMap id="BaseResultMap" type="com.zhoujl.springcloud.entities.Payment">
        <id column="id" property="id" jdbcType="BIGINT"/>
        <id column="serial" property="serial" jdbcType="VARCHAR"/>
    </resultMap>
    
    
    
    
    <insert id="create" parameterType="Payment" useGeneratedKeys="true" keyProperty="id">
        insert into payment(serial) values(#{serial})
    </insert>
    
    <select id="getPaymentById" parameterType="Long" resultMap="BaseResultMap">
        select * from payment where id=#{id}
    </select>

</mapper>